<?xml version="1.0" encoding="utf-8" ?>
<!--********** Copyright 2016 Roku Corp.  All Rights Reserved. **********-->

 
<component name="SimpleRowListItem" extends="Group">
 
<interface> 
  <field id="itemContent" type="node" onChange="itemContentChanged"/> 
</interface>
 
<script type="text/brightscript"  uri="./SimpleRowListItem.brs"/>

<children>
    <LayoutGroup layoutDirection="vert" vertAlignment="top" itemSpacings="20" translation="[0,0]" >
        <Poster id="itemImage" translation="[0,0]" width="196" height="148" />
        <Label id="itemText" horizAlign="center" translation="[0,0]" font="font:MediumSystemFont" width="196" height="65" />    
    </LayoutGroup>
    <Rectangle layoutDirection="horiz" horizAlignment="bottom" id="Duration" ranslation="[0,0]" width="80" height="30" color="#000000">
      <Label id="itemText"  horizAlign="right" translation="[0,0]" width="196" height="50" />
    </Rectangle>
</children>
</component>
