<?xml version="1.0" encoding="utf-8" ?>
<!--********** Copyright 2016 Roku Corp.  All Rights Reserved. **********-->

 
<component name="SimpleRowListItem" extends="Group">
 
<interface> 
  <field id="itemContent" type="node" onChange="itemContentChanged"/> 
</interface>
 
<script type="text/brightscript"  uri="./SimpleRowListItem.brs"/>

<children>
    <LayoutGroup layoutDirection="vert" vertAlignment="top" itemSpacings="20" translation="[0,0]" >
        <Poster id="itemImage" translation="[0,0]" width="196" height="148" />
        <Label id="itemText" horizAlign="center" translation="[0,0]" font="font:MediumSystemFont" width="196" height="65" />
        <Rectangle id="Duration" width="196" height="50" color="#000000">
          <Label id="itemText"  text="10:00" horizAlign="left" translation="[0,0]" width="196" height="50" />
        </Rectangle>
    </LayoutGroup>
</children>

</component>
